contact_id,company_id,first_name,last_name,email
101,1,Lukas,Weber,l.weber@techflow.de
102,2,Chloe,Dubois,cdubois@finserve.fr
103,3,Bram,De Jong,bram@euroretail.nl
104,4,Sofia,Garcia,sgarcia@logichain.es
105,5,James,Smith,jsmith@apexfin.co.uk
106,6,Aisling,O'Connor,a.oconnor@cloudsync.ie
107,7,Hans,Schmidt,h.schmidt@berlinbiotech.de
108,8,Manon,Laurent,m.laurent@parisfashion.fr
109,9,Freja,Nielsen,freja@nordicwind.dk
110,10,Stefan,Hofer,s.hofer@alpinamanufacturing.at
111,11,Emma,Peeters,emma.peeters@meddata.be
112,12,Daan,Van Dijk,daan@deltashipping.nl
113,13,Oliver,Brown,o.brown@londontrading.co.uk
114,14,Alejandro,Ruiz,aruiz@madridtelco.es
115,15,Giulia,Bianchi,g.bianchi@romafood.it